channel,text
#ae-weekly-alerts,"Top free-tier usage accounts: 2026-03-05 to 2026-03-11
1. Free Freeworkspace152 | owner=AE_8 | owner_role=AE | events=19 | users=4 | top user=user2@freeworkspace152.com (42%)
2. Free Freeworkspace182 | owner=AE_8 | owner_role=AE | events=19 | users=4 | top user=user2@freeworkspace182.com (42%)
3. Free Freeworkspace091 | owner=AE_5 | owner_role=AE | events=18 | users=4 | top user=user1@freeworkspace091.com (33%)
4. Free Freeworkspace136 | owner=AE_7 | owner_role=AE | events=18 | users=4 | top user=user2@freeworkspace136.com (33%)
5. Free Freeworkspace233 | owner=AE_1 | owner_role=AE | events=18 | users=4 | top user=user3@freeworkspace233.com (39%)
6. Free Freeworkspace268 | owner=AE_7 | owner_role=AE | events=18 | users=4 | top user=user2@freeworkspace268.com (28%)
7. Free Freeworkspace080 | owner=AE_10 | owner_role=AE | events=17 | users=4 | top user=user1@freeworkspace080.com (41%)
8. Free Freeworkspace166 | owner=AE_3 | owner_role=AE | events=17 | users=4 | top user=user1@freeworkspace166.com (29%)
9. Free Freeworkspace206 | owner=AE_1 | owner_role=AE | events=17 | users=4 | top user=user3@freeworkspace206.com (29%)
10. Free Freeworkspace014 | owner=AE_3 | owner_role=AE | events=16 | users=4 | top user=user4@freeworkspace014.com (44%)"
